{
	"info": {
		"_postman_id": "4eb66e92-67fa-4c2c-aa1f-b3e647aef84b",
		"name": "SpringBoot-BuildingBlocks-Monitor",
		"schema": "https://schema.getpostman.com/json/collection/v2.1.0/collection.json"
	},
	"item": [
		{
			"name": "getAllUsers",
			"request": {
				"auth": {
					"type": "basic",
					"basic": [
						{
							"key": "password",
							"value": "goodmorning",
							"type": "string"
						},
						{
							"key": "username",
							"value": "kalyan",
							"type": "string"
						}
					]
				},
				"method": "GET",
				"header": [],
				"url": {
					"raw": "http://localhost:8080/users",
					"protocol": "http",
					"host": [
						"localhost"
					],
					"port": "8080",
					"path": [
						"users"
					]
				}
			},
			"response": []
		},
		{
			"name": "getAllOrders",
			"request": {
				"method": "GET",
				"header": [],
				"url": {
					"raw": "http://localhost:8080/users/101/orders",
					"protocol": "http",
					"host": [
						"localhost"
					],
					"port": "8080",
					"path": [
						"users",
						"101",
						"orders"
					]
				}
			},
			"response": []
		},
		{
			"name": "getUserById",
			"request": {
				"method": "GET",
				"header": [],
				"url": {
					"raw": "http://localhost:8080/users/101",
					"protocol": "http",
					"host": [
						"localhost"
					],
					"port": "8080",
					"path": [
						"users",
						"101"
					]
				}
			},
			"response": []
		}
	]
}